CNV ID;Cluster#;KP#;MELT;Start;Stop;Length;CNV Coverage;Relative CNV Coverage;CNV type;CNV Sequence
1AB;1;38;29;258997;259832;836;105.362440191388;412.544006753064;Tandem CNV;TGACTGGGGTGAAGTCGTAACAAGGTAACCGTAGGGGAACCTGCGGTTGGATCACCTCCTTACCTTAAAGAACCTGCCTTTGTAGTGCTCACACAGATTGTCTGATGAACGTAAAGAAGCAAGGCGTCTTGCGATTGAGACTTCAGTGTCCCCTTCGTCTAGAGGCCCAGGACACCGCCCTTTCACGGCGGTAACAGGGGTTCGAATCCCCTAGGGGACGCCACTTGCTGGTTCGTGAGTGAAAGACGCGTGCCGAACTATCTCAAAACTCATCTTCGGGTGATGTTTGAGATATTTGCTCTTTAAAAATCTGGATCAAGCTGAAAATTGAAACGACACACAGTTAATGTGTGTTCGAGTCTCTCAAATTTTCGCAATCAGAAGTGAAACATCTTCGGGTTGTGAGGTTAAGCGACTAAGCGTACACGGTGGATGCCCTGGCAGTCAGAGGCGATGAAGGACGTGCTAATCTGCGAAAAGCGTCGGTAAGGTGATATGAACCGTTATAACCGGCGATGTCCGAATGGGGAAACCCAGTGCAATTCGTTGCACTATCGTTAACTGAATACATAGGTTAACGAGGCGAACCGGGGGAACTGAAACATCTAAGTACCCCGAGGAAAAGAAATCAACCGAGATTCCCCCAGTAGCGGCGAGCGAACGGGGAGCAGCCCAGAGTCTGAATCAGCTTGTGTGTTAGTGGAACGGTCTGGAAAGTCCGACGGTACAGGGTGATAGTCCCGTACACCAAAATGCACAGGCTGTGAACTCGAAGAGTAGGGCGGGACACGTGGTATCCTGTCTGAATATGGGGGGACCATCCTCCAAGGCTAAAT
2AC;2;19;61;4758627;4759469;843;270.116251482799;430.766821474944;Tandem CNV;ATTATTTATCAAACAATCTGTGTGAGCACTACAAAGGCAGGTTCTTTAAGGTAAGGAGGTGATCCAACCGCAGGTTCCCCTACGGTTACCTTGTTACGACTTCACCCCAGTCATGAATCACAAAGTGGTAAGCGCCCTCCCGAAGGTTAAGCTACCTACTTCTTTTGCAACCCACTCCCATGGTGTGACGGGCGGTGTGTACAAGGCCCGGGAACGTATTCACCGTAGCATTCTGATCTACGATTACTAGCGATTCCGACTTCATGGAGTCGAGTTGCAGACTCCAATCCGGACTACGACATACTTTATGAGGTCCGCTTGCTCTCGCGAGGTCGCTTCTCTTTGTATATGCCATTGTAGCACGTGTGTAGCCCTGGTCGTAAGGGCCATGATGACTTGACGTCATCCCCACCTTCCTCCAGTTTATCACTGGCAGTCTCCTTTGAGTTCCCGGCCGGACCGCTGGCAACAAAGGATAAGGGTTGCGCTCGTTGCGGGACTTAACCCAACATTTCACAACACGAGCTGACGACAGCCATGCAGCACCTGTCTCACAGTTCCCGAAGGCACCAAAGCATCTCTGCTAAGTTCTGTGGATGTCAAGACCAGGTAAGGTTCTTCGCGTTGCATCGAATTAAACCACATGCTCCACCGCTTGTGCGGGCCCCCGTCAATTCATTTGAGTTTTAACCTTGCGGCCGTACTCCCCAGGCGGTCGATTTAACGCGTTAGCTCCGGAAGCCACGCCTCAAGGGCACAACCTCCAAATCGACATCGTTTACGGCGTGGACTACCAGGGTATCTAATCCTGTTTGCTCCCCACGCTTTCGCACCTGAGCGTCA
3AD;3;28;14;3596309;3597171;863;99.3024333719583;423.572084915373;Tandem CNV;GGGCTTTGTTGAATAAATAAGATTTCGTGCGAACGACCCTGTAGCTGGCTGGATTTTCAGGCAATACGCACGCTTTCTGGCATCCCAGCCTTTGTCATCCTGTTCAACGCACGCACCATGGCCATAGCTTCCGCTACCTGACCATCGTAGTCACGCAGCGTCAGTGAATCTCCCAACAACTGCTTCATTCTGTACATTGCCGTTTCCGCTATCGAGCGACGGTTATATTCCGTTGTCCATTTCCACCGTGCATTGCTTCCGCTCAGCCGCTGATTAGCAACGGCACGGTTGCGGTCTGCGTACTCACCGGGCCAGTAACCTGCTCCTTTTCGGGGAGGAATAAGCGCGCTGATTTTTTTGCGGCGCATTTCATCGTGACAAAGCCGTGTATCGTAAGCCCCGTCTGCCGCGGCTGCCCTGATTTTTCTGTGAGTCTGCCGGATAAGGCCCGGGAAGGCTTCTGAGTCCGTGACGTTATTCAGCGACAGGTCTGCACAGACAACTTCATGTGTGTTGCTGTCAACAGCAAGATGCAACTTTCGCCAGATACGACGGCGCTCTTTGCCGTGCTTTCTGACTTTCCATTCGCCTTCACCAAAGACCTTCAGCCCGGTGGAATCAATCACCAGGTGTGCGATTTCACCCCGGGTGGACGTTTTGAAACTGACATTAACCGACTTTGCCCGCTTACTGACACTGGTGTAATCCGGGCAGCGCAACGGAACGTTCATCAGGGCAAAAATGGAATCAATAAAACCCTGCGCAGCCCGCAGGGTCAGCCGGAATACGCGTTTAATCACCAGAACGGTGGTGATGGCGAGATCAGAATAGCGCTGGGGCCTTCCTCGTGATGAAGGCGTTGC
4AE;4;3;98;1039330;1040112;783;300.499361430396;434.128626062662;Tandem CNV;AGGTGACCTGTGAGGGTTGCTGGAGGTATCAGAAGTGCGAATGCTGACATAAGTAACGATAAAGCGGGTGAAAAGCCCGCTCGCCGGAAGACCAAGGGTTCCTGTCCAACGTTAATCGGGGCAGGGTGAGTCGACCCCTAAGGCGAGGCCGAAAGGCGTAGTCGATGGGAAACAGGTTAATATTCCTGTACTTGGTGTTACTGCGAAGGGGGGACGGAGAAGGCTATGTTAGCCGGGCGACGGTTGTCCCGGTTTAAGCATGTAGGCTGGTTATCCAGGCAAATCCGGATAATCAAGGCTGAGGTGTGATGACGAGGCACTACGGTGCTGAAGTAACAAATGCCCTGCTTCCAGGAAAAGCCTCTAAGCATCAGGTAACATCAAATCGTACCCCAAACCGACACAGGTGGTCAGGTAGAGAATACCAAGGCGCTTGAGAGAACTCGGGTGAAGGAACTAGGCAAAATGGTGCCGTAACTTCGGGAGAAGGCACGCTGGTGTGTAGGTGAAGTCCCTGCGGATGGAGCTGAGACCAGTCGAAGATACCAGCTGGCTGCAACTGTTTATTAAAAACACAGCACTGTGCAAACACGAAAGTGGACGTATACGGTGTGACGCCTGCCCGGTGCCGGAAGGTTAATTGATGGGGTTATCCGTAAGGAGAAGCTCTTGATCGAAGCCCCGGTAAACGGCGGCCGTAACTATAACGGTCCTAAGGTAGCGAAATTCCTTGTCGGGTAAGTTCCGACCTGCACGAATGGCGTAATGATGGCCAGGCTGTCT
5AF;5;40;29;125137;125462;326;98.9907975460123;400.21464997805;Tandem CNV;AGTGCTGAAAGCATCTAAGCACGAAACTTGCCCCGAGATGAGTTCTCCCTGAGACTTTAAGTCTCCTGAAGGAACGTTAAAGACGATGACGTTGATAGGCCGGGTGTGTAAGCGCAGCGATGCGTTGAGCTAACCGGTACTAATGAACCGTGAGGCTTAACCTTACAACGCCGAAGATGTTTTGGCGATTTGAGAGAATTTTCAGCTCTGATACAGATTAATCGATACGTCGGTGAGACGTGTTGATAAAACAGAATTTGCCTGGCGGCACTAGCGCGGTGGTCCCACCTGACCCCATGCCGAACTCAGAAGTGAAACGCCGTAGC
6AG;6;4;98;371688;371750;63;314.777777777778;422.940942125467;Tandem CNV;ATCGGCGAAGGGTCCATCACGTAGCGGCCATTGACCTTCACCGGATAGGCGTAGGTGGTGGCG
7AH;7;13;23;3471796;3471866;71;493.760563380282;585.602300241493;Tandem CNV;TACCGCTCATGGGCACCTCTCTTTAAGCCATCTTAATGGACTCTGAGGTGTCTGTTAAACCCGTGGCGATT
8AI;8;36;61;4892491;4892699;209;124.894736842105;682.889047620633;Tandem CNV;CTGTAGCCCCGGTAAGCGCAGCGCGACCGGGGTCAGACAACGCATCGGCAGCGTGAAAGGCGCCCCCATTTAACCCAGCATTTCGCGTTGCAAAAAGGCGTCAAGACCCGAAATCCCCGGGAGCTTACATCAGTAAGTGACCGGGGTTGAGGGCCGCAGACAACGCATTTGCAGCGTGAAAGGCGCCGGTTAAATTATTTGGCGTCGGT
8AJ;8;1;98;4892502;4892719;218;455.211009174312;637.457450424709;Tandem CNV;GTAAGCGCAGCGCGACCGGGGTCAGACAACGCATCGGCAGCGTGAAAGGCGCCCCCATTTAACCCAGCATTTCGCGTTGCAAAAAGGCGTCAAGACCCGAAATCCCCGGGAGCTTACATCAGTAAGTGACCGGGGTTGAGGGCCGCAGACAACGCATTTGCAGCGTGAAAGGCGCCGGTTAAATTATTTGGCGTCGGTCGCCGTACCATTAGCATGCC
8AK;8;3;98;4892502;4892696;195;497.333333333333;718.492830292332;Tandem CNV;GTAAGCGCAGCGCGACCGGGGTCAGACAACGCATCGGCAGCGTGAAAGGCGCCCCCATTTAACCCAGCATTTCGCGTTGCAAAAAGGCGTCAAGACCCGAAATCCCCGGGAGCTTACATCAGTAAGTGACCGGGGTTGAGGGCCGCAGACAACGCATTTGCAGCGTGAAAGGCGCCGGTTAAATTATTTGGCGTC
8AL;8;4;98;4892502;4892696;195;546.2;733.883898094024;Tandem CNV;GTAAGCGCAGCGCGACCGGGGTCAGACAACGCATCGGCAGCGTGAAAGGCGCCCCCATTTAACCCAGCATTTCGCGTTGCAAAAAGGCGTCAAGACCCGAAATCCCCGGGAGCTTACATCAGTAAGTGACCGGGGTTGAGGGCCGCAGACAACGCATTTGCAGCGTGAAAGGCGCCGGTTAAATTATTTGGCGTC
8AM;8;6;98;4892502;4892707;206;842.95145631068;675.842807716349;Tandem CNV;GTAAGCGCAGCGCGACCGGGGTCAGACAACGCATCGGCAGCGTGAAAGGCGCCCCCATTTAACCCAGCATTTCGCGTTGCAAAAAGGCGTCAAGACCCGAAATCCCCGGGAGCTTACATCAGTAAGTGACCGGGGTTGAGGGCCGCAGACAACGCATTTGCAGCGTGAAAGGCGCCGGTTAAATTATTTGGCGTCGGTCGCCGTAC
8AN;8;8;98;4892502;4892710;209;778.267942583732;686.770519058677;Tandem CNV;GTAAGCGCAGCGCGACCGGGGTCAGACAACGCATCGGCAGCGTGAAAGGCGCCCCCATTTAACCCAGCATTTCGCGTTGCAAAAAGGCGTCAAGACCCGAAATCCCCGGGAGCTTACATCAGTAAGTGACCGGGGTTGAGGGCCGCAGACAACGCATTTGCAGCGTGAAAGGCGCCGGTTAAATTATTTGGCGTCGGTCGCCGTACCAT
8AO;8;10;98;4892502;4892718;217;712.170506912442;577.447486101299;Tandem CNV;GTAAGCGCAGCGCGACCGGGGTCAGACAACGCATCGGCAGCGTGAAAGGCGCCCCCATTTAACCCAGCATTTCGCGTTGCAAAAAGGCGTCAAGACCCGAAATCCCCGGGAGCTTACATCAGTAAGTGACCGGGGTTGAGGGCCGCAGACAACGCATTTGCAGCGTGAAAGGCGCCGGTTAAATTATTTGGCGTCGGTCGCCGTACCATTAGCATGC
8AP;8;29;98;4892502;4892696;195;180.907692307692;660.303045727007;Tandem CNV;GTAAGCGCAGCGCGACCGGGGTCAGACAACGCATCGGCAGCGTGAAAGGCGCCCCCATTTAACCCAGCATTTCGCGTTGCAAAAAGGCGTCAAGACCCGAAATCCCCGGGAGCTTACATCAGTAAGTGACCGGGGTTGAGGGCCGCAGACAACGCATTTGCAGCGTGAAAGGCGCCGGTTAAATTATTTGGCGTC
8AQ;8;30;98;4892502;4892696;195;282.794871794872;556.564867365728;Tandem CNV;GTAAGCGCAGCGCGACCGGGGTCAGACAACGCATCGGCAGCGTGAAAGGCGCCCCCATTTAACCCAGCATTTCGCGTTGCAAAAAGGCGTCAAGACCCGAAATCCCCGGGAGCTTACATCAGTAAGTGACCGGGGTTGAGGGCCGCAGACAACGCATTTGCAGCGTGAAAGGCGCCGGTTAAATTATTTGGCGTC
8AR;8;32;14;4892502;4892710;209;103.995215311005;428.225392824915;Tandem CNV;GTAAGCGCAGCGCGACCGGGGTCAGACAACGCATCGGCAGCGTGAAAGGCGCCCCCATTTAACCCAGCATTTCGCGTTGCAAAAAGGCGTCAAGACCCGAAATCCCCGGGAGCTTACATCAGTAAGTGACCGGGGTTGAGGGCCGCAGACAACGCATTTGCAGCGTGAAAGGCGCCGGTTAAATTATTTGGCGTCGGTCGCCGTACCAT
8AS;8;19;61;4892524;4892699;176;340.795454545455;543.482200429552;Tandem CNV;CAGACAACGCATCGGCAGCGTGAAAGGCGCCCCCATTTAACCCAGCATTTCGCGTTGCAAAAAGGCGTCAAGACCCGAAATCCCCGGGAGCTTACATCAGTAAGTGACCGGGGTTGAGGGCCGCAGACAACGCATTTGCAGCGTGAAAGGCGCCGGTTAAATTATTTGGCGTCGGT
8AT;8;20;61;4892524;4892699;176;384.818181818182;671.329118446282;Tandem CNV;CAGACAACGCATCGGCAGCGTGAAAGGCGCCCCCATTTAACCCAGCATTTCGCGTTGCAAAAAGGCGTCAAGACCCGAAATCCCCGGGAGCTTACATCAGTAAGTGACCGGGGTTGAGGGCCGCAGACAACGCATTTGCAGCGTGAAAGGCGCCGGTTAAATTATTTGGCGTCGGT
8AU;8;21;61;4892524;4892699;176;398.090909090909;642.079946889114;Tandem CNV;CAGACAACGCATCGGCAGCGTGAAAGGCGCCCCCATTTAACCCAGCATTTCGCGTTGCAAAAAGGCGTCAAGACCCGAAATCCCCGGGAGCTTACATCAGTAAGTGACCGGGGTTGAGGGCCGCAGACAACGCATTTGCAGCGTGAAAGGCGCCGGTTAAATTATTTGGCGTCGGT
8AV;8;22;61;4892524;4892699;176;281.028409090909;519.718473751164;Tandem CNV;CAGACAACGCATCGGCAGCGTGAAAGGCGCCCCCATTTAACCCAGCATTTCGCGTTGCAAAAAGGCGTCAAGACCCGAAATCCCCGGGAGCTTACATCAGTAAGTGACCGGGGTTGAGGGCCGCAGACAACGCATTTGCAGCGTGAAAGGCGCCGGTTAAATTATTTGGCGTCGGT
8AW;8;23;61;4892524;4892721;198;203.166666666667;437.369567932539;Tandem CNV;CAGACAACGCATCGGCAGCGTGAAAGGCGCCCCCATTTAACCCAGCATTTCGCGTTGCAAAAAGGCGTCAAGACCCGAAATCCCCGGGAGCTTACATCAGTAAGTGACCGGGGTTGAGGGCCGCAGACAACGCATTTGCAGCGTGAAAGGCGCCGGTTAAATTATTTGGCGTCGGTCGCCGTACCATTAGCATGCCAG
8AX;8;24;61;4892524;4892721;198;249.792929292929;509.303117375695;Tandem CNV;CAGACAACGCATCGGCAGCGTGAAAGGCGCCCCCATTTAACCCAGCATTTCGCGTTGCAAAAAGGCGTCAAGACCCGAAATCCCCGGGAGCTTACATCAGTAAGTGACCGGGGTTGAGGGCCGCAGACAACGCATTTGCAGCGTGAAAGGCGCCGGTTAAATTATTTGGCGTCGGTCGCCGTACCATTAGCATGCCAG
8AY;8;26;61;4892524;4892699;176;167.835227272727;578.129814515649;Tandem CNV;CAGACAACGCATCGGCAGCGTGAAAGGCGCCCCCATTTAACCCAGCATTTCGCGTTGCAAAAAGGCGTCAAGACCCGAAATCCCCGGGAGCTTACATCAGTAAGTGACCGGGGTTGAGGGCCGCAGACAACGCATTTGCAGCGTGAAAGGCGCCGGTTAAATTATTTGGCGTCGGT
8AZ;8;35;61;4892524;4892721;198;104.969696969697;586.018126841234;Tandem CNV;CAGACAACGCATCGGCAGCGTGAAAGGCGCCCCCATTTAACCCAGCATTTCGCGTTGCAAAAAGGCGTCAAGACCCGAAATCCCCGGGAGCTTACATCAGTAAGTGACCGGGGTTGAGGGCCGCAGACAACGCATTTGCAGCGTGAAAGGCGCCGGTTAAATTATTTGGCGTCGGTCGCCGTACCATTAGCATGCCAG
8BA;8;44;61;4892524;4892710;187;139.106951871658;634.340287171078;Tandem CNV;CAGACAACGCATCGGCAGCGTGAAAGGCGCCCCCATTTAACCCAGCATTTCGCGTTGCAAAAAGGCGTCAAGACCCGAAATCCCCGGGAGCTTACATCAGTAAGTGACCGGGGTTGAGGGCCGCAGACAACGCATTTGCAGCGTGAAAGGCGCCGGTTAAATTATTTGGCGTCGGTCGCCGTACCAT
9BB;9;15;23;2940832;2940923;92;355.641304347826;461.303423361017;Tandem CNV;AGGCCCTTTATCAGACACCAAATTAAGGAATACGACCATGAAATTCATCAAAACTTTCGTTGCTGTTGCTGCGCTGTCTCTGTTCTCTGCTG
9BC;9;16;23;2940832;2940923;92;350.978260869565;529.483776298416;Tandem CNV;AGGCCCTTTATCAGACACCAAATTAAGGAATACGACCATGAAATTCATCAAAACTTTCGTTGCTGTTGCTGCGCTGTCTCTGTTCTCTGCTG
9BD;9;17;23;2940832;2940923;92;301.239130434783;464.260698703855;Tandem CNV;AGGCCCTTTATCAGACACCAAATTAAGGAATACGACCATGAAATTCATCAAAACTTTCGTTGCTGTTGCTGCGCTGTCTCTGTTCTCTGCTG
9BE;9;18;23;2940832;2940923;92;401.597826086957;471.652698313936;Tandem CNV;AGGCCCTTTATCAGACACCAAATTAAGGAATACGACCATGAAATTCATCAAAACTTTCGTTGCTGTTGCTGCGCTGTCTCTGTTCTCTGCTG
9BF;9;41;23;2940832;2940923;92;181.119565217391;546.811061151022;Tandem CNV;AGGCCCTTTATCAGACACCAAATTAAGGAATACGACCATGAAATTCATCAAAACTTTCGTTGCTGTTGCTGCGCTGTCTCTGTTCTCTGCTG
9BG;9;43;23;2940832;2940923;92;223.347826086957;895.325924261067;Tandem CNV;AGGCCCTTTATCAGACACCAAATTAAGGAATACGACCATGAAATTCATCAAAACTTTCGTTGCTGTTGCTGCGCTGTCTCTGTTCTCTGCTG
10BH;10;26;61;685440;685904;465;124.720430107527;429.615404918591;Tandem CNV;AGAGGACCGGAGTGGACGCATCACTGGTGTTCGGGTTGTCATGCCAATGGCACTGCCCGGTAGCTAAATGCGGAAGAGATAAGTGCTGAAAGCATCTAAGCACGAAACTTGCCCCGAGATGAGTTCTCCCTGAGACTTTAAGTCTCCTGAAGGAACGTTAAAGACGATGACGTTGATAGGCCGGGTGTGTAAGCGCAGCGATGCGTTGAGCTAACCGGTACTAATGAACCGTGAGGCTTAACCTTACAACGCCGAAGATGTTTTGGCGGATTGAGAGAATTTTCAGCTTAGATTCAGAGTTGAGTACGCAATATAAAGAATTGCGTACTGAGCACAAAGAATTTGCCTGGCGGCACTAGCGCGGTGGTCCCACCTGACCCCATGCCGAACTCAGAAGTGAAACGCCGTAGCGCCGATGGTAGTGTGGGGTCTCCCCATGTGAGAGTAGGGAACTGCCAGGCATCA
11BI;11;28;14;259113;259690;578;98.7560553633218;421.241522970297;Tandem CNV;AAGCAAGGCGTCTTGCGATTGAGACTTCAGTGTCCCCTTCGTCTAGAGGCCCAGGACACCGCCCTTTCACGGCGGTAACAGGGGTTCGAATCCCCTAGGGGACGCCACTTGCTGGTTCGTGAGTGAAAGACGCGTGCCGAACTATCTCAAAACTCATCTTCGGGTGATGTTTGAGATATTTGCTCTTTAAAAATCTGGATCAAGCTGAAAATTGAAACGACACACAGTTAATGTGTGTTCGAGTCTCTCAAATTTTCGCAATCAGAAGTGAAACATCTTCGGGTTGTGAGGTTAAGCGACTAAGCGTACACGGTGGATGCCCTGGCAGTCAGAGGCGATGAAGGACGTGCTAATCTGCGAAAAGCGTCGGTAAGGTGATATGAACCGTTATAACCGGCGATGTCCGAATGGGGAAACCCAGTGCAATTCGTTGCACTATCGTTAACTGAATACATAGGTTAACGAGGCGAACCGGGGGAACTGAAACATCTAAGTACCCCGAGGAAAAGAAATCAACCGAGATTCCCCCAGTAGCGGCGAGCGAACGGGGAGCAGCCCAGAGTCTGAATCAGCTTGTG
11BJ;11;27;14;259129;259683;555;114.156756756757;416.977759616167;Tandem CNV;GATTGAGACTTCAGTGTCCCCTTCGTCTAGAGGCCCAGGACACCGCCCTTTCACGGCGGTAACAGGGGTTCGAATCCCCTAGGGGACGCCACTTGCTGGTTCGTGAGTGAAAGACGCGTGCCGAACTATCTCAAAACTCATCTTCGGGTGATGTTTGAGATATTTGCTCTTTAAAAATCTGGATCAAGCTGAAAATTGAAACGACACACAGTTAATGTGTGTTCGAGTCTCTCAAATTTTCGCAATCAGAAGTGAAACATCTTCGGGTTGTGAGGTTAAGCGACTAAGCGTACACGGTGGATGCCCTGGCAGTCAGAGGCGATGAAGGACGTGCTAATCTGCGAAAAGCGTCGGTAAGGTGATATGAACCGTTATAACCGGCGATGTCCGAATGGGGAAACCCAGTGCAATTCGTTGCACTATCGTTAACTGAATACATAGGTTAACGAGGCGAACCGGGGGAACTGAAACATCTAAGTACCCCGAGGAAAAGAAATCAACCGAGATTCCCCCAGTAGCGGCGAGCGAACGGGGAGCAGCCCAGAGTCTGAATCA
11BK;11;31;14;259133;259751;619;104.305331179321;453.492217240669;Tandem CNV;GAGACTTCAGTGTCCCCTTCGTCTAGAGGCCCAGGACACCGCCCTTTCACGGCGGTAACAGGGGTTCGAATCCCCTAGGGGACGCCACTTGCTGGTTCGTGAGTGAAAGACGCGTGCCGAACTATCTCAAAACTCATCTTCGGGTGATGTTTGAGATATTTGCTCTTTAAAAATCTGGATCAAGCTGAAAATTGAAACGACACACAGTTAATGTGTGTTCGAGTCTCTCAAATTTTCGCAATCAGAAGTGAAACATCTTCGGGTTGTGAGGTTAAGCGACTAAGCGTACACGGTGGATGCCCTGGCAGTCAGAGGCGATGAAGGACGTGCTAATCTGCGAAAAGCGTCGGTAAGGTGATATGAACCGTTATAACCGGCGATGTCCGAATGGGGAAACCCAGTGCAATTCGTTGCACTATCGTTAACTGAATACATAGGTTAACGAGGCGAACCGGGGGAACTGAAACATCTAAGTACCCCGAGGAAAAGAAATCAACCGAGATTCCCCCAGTAGCGGCGAGCGAACGGGGAGCAGCCCAGAGTCTGAATCAGCTTGTGTGTTAGTGGAACGGTCTGGAAAGTCCGACGGTACAGGGTGATAGTCCCGTACACCAAAATG
11BL;11;48;29;259145;259761;617;93.8541329011345;425.204603283692;Tandem CNV;TCCCCTTCGTCTAGAGGCCCAGGACACCGCCCTTTCACGGCGGTAACAGGGGTTCGAATCCCCTAGGGGACGCCACTTGCTGGTTCGTGAGTGAAAGACGCGTGCCGAACTATCTCAAAACTCATCTTCGGGTGATGTTTGAGATATTTGCTCTTTAAAAATCTGGATCAAGCTGAAAATTGAAACGACACACAGTTAATGTGTGTTCGAGTCTCTCAAATTTTCGCAATCAGAAGTGAAACATCTTCGGGTTGTGAGGTTAAGCGACTAAGCGTACACGGTGGATGCCCTGGCAGTCAGAGGCGATGAAGGACGTGCTAATCTGCGAAAAGCGTCGGTAAGGTGATATGAACCGTTATAACCGGCGATGTCCGAATGGGGAAACCCAGTGCAATTCGTTGCACTATCGTTAACTGAATACATAGGTTAACGAGGCGAACCGGGGGAACTGAAACATCTAAGTACCCCGAGGAAAAGAAATCAACCGAGATTCCCCCAGTAGCGGCGAGCGAACGGGGAGCAGCCCAGAGTCTGAATCAGCTTGTGTGTTAGTGGAACGGTCTGGAAAGTCCGACGGTACAGGGTGATAGTCCCGTACACCAAAATGCACAGGCTGT
11BM;11;39;29;259166;259772;607;108.265238879736;433.962406559766;Tandem CNV;GGACACCGCCCTTTCACGGCGGTAACAGGGGTTCGAATCCCCTAGGGGACGCCACTTGCTGGTTCGTGAGTGAAAGACGCGTGCCGAACTATCTCAAAACTCATCTTCGGGTGATGTTTGAGATATTTGCTCTTTAAAAATCTGGATCAAGCTGAAAATTGAAACGACACACAGTTAATGTGTGTTCGAGTCTCTCAAATTTTCGCAATCAGAAGTGAAACATCTTCGGGTTGTGAGGTTAAGCGACTAAGCGTACACGGTGGATGCCCTGGCAGTCAGAGGCGATGAAGGACGTGCTAATCTGCGAAAAGCGTCGGTAAGGTGATATGAACCGTTATAACCGGCGATGTCCGAATGGGGAAACCCAGTGCAATTCGTTGCACTATCGTTAACTGAATACATAGGTTAACGAGGCGAACCGGGGGAACTGAAACATCTAAGTACCCCGAGGAAAAGAAATCAACCGAGATTCCCCCAGTAGCGGCGAGCGAACGGGGAGCAGCCCAGAGTCTGAATCAGCTTGTGTGTTAGTGGAACGGTCTGGAAAGTCCGACGGTACAGGGTGATAGTCCCGTACACCAAAATGCACAGGCTGTGAACTCGAAGA
11BN;11;40;29;259177;259830;654;128.844036697248;520.909744409118;Tandem CNV;TTTCACGGCGGTAACAGGGGTTCGAATCCCCTAGGGGACGCCACTTGCTGGTTCGTGAGTGAAAGACGCGTGCCGAACTATCTCAAAACTCATCTTCGGGTGATGTTTGAGATATTTGCTCTTTAAAAATCTGGATCAAGCTGAAAATTGAAACGACACACAGTTAATGTGTGTTCGAGTCTCTCAAATTTTCGCAATCAGAAGTGAAACATCTTCGGGTTGTGAGGTTAAGCGACTAAGCGTACACGGTGGATGCCCTGGCAGTCAGAGGCGATGAAGGACGTGCTAATCTGCGAAAAGCGTCGGTAAGGTGATATGAACCGTTATAACCGGCGATGTCCGAATGGGGAAACCCAGTGCAATTCGTTGCACTATCGTTAACTGAATACATAGGTTAACGAGGCGAACCGGGGGAACTGAAACATCTAAGTACCCCGAGGAAAAGAAATCAACCGAGATTCCCCCAGTAGCGGCGAGCGAACGGGGAGCAGCCCAGAGTCTGAATCAGCTTGTGTGTTAGTGGAACGGTCTGGAAAGTCCGACGGTACAGGGTGATAGTCCCGTACACCAAAATGCACAGGCTGTGAACTCGAAGAGTAGGGCGGGACACGTGGTATCCTGTCTGAATATGGGGGGACCATCCTCCAAGGCTAA
11BO;11;42;29;259188;259772;585;100.355555555556;400.251699604905;Tandem CNV;TAACAGGGGTTCGAATCCCCTAGGGGACGCCACTTGCTGGTTCGTGAGTGAAAGACGCGTGCCGAACTATCTCAAAACTCATCTTCGGGTGATGTTTGAGATATTTGCTCTTTAAAAATCTGGATCAAGCTGAAAATTGAAACGACACACAGTTAATGTGTGTTCGAGTCTCTCAAATTTTCGCAATCAGAAGTGAAACATCTTCGGGTTGTGAGGTTAAGCGACTAAGCGTACACGGTGGATGCCCTGGCAGTCAGAGGCGATGAAGGACGTGCTAATCTGCGAAAAGCGTCGGTAAGGTGATATGAACCGTTATAACCGGCGATGTCCGAATGGGGAAACCCAGTGCAATTCGTTGCACTATCGTTAACTGAATACATAGGTTAACGAGGCGAACCGGGGGAACTGAAACATCTAAGTACCCCGAGGAAAAGAAATCAACCGAGATTCCCCCAGTAGCGGCGAGCGAACGGGGAGCAGCCCAGAGTCTGAATCAGCTTGTGTGTTAGTGGAACGGTCTGGAAAGTCCGACGGTACAGGGTGATAGTCCCGTACACCAAAATGCACAGGCTGTGAACTCGAAGA
11BP;11;32;14;259197;259754;558;107.23476702509;441.565028703276;Tandem CNV;TTCGAATCCCCTAGGGGACGCCACTTGCTGGTTCGTGAGTGAAAGACGCGTGCCGAACTATCTCAAAACTCATCTTCGGGTGATGTTTGAGATATTTGCTCTTTAAAAATCTGGATCAAGCTGAAAATTGAAACGACACACAGTTAATGTGTGTTCGAGTCTCTCAAATTTTCGCAATCAGAAGTGAAACATCTTCGGGTTGTGAGGTTAAGCGACTAAGCGTACACGGTGGATGCCCTGGCAGTCAGAGGCGATGAAGGACGTGCTAATCTGCGAAAAGCGTCGGTAAGGTGATATGAACCGTTATAACCGGCGATGTCCGAATGGGGAAACCCAGTGCAATTCGTTGCACTATCGTTAACTGAATACATAGGTTAACGAGGCGAACCGGGGGAACTGAAACATCTAAGTACCCCGAGGAAAAGAAATCAACCGAGATTCCCCCAGTAGCGGCGAGCGAACGGGGAGCAGCCCAGAGTCTGAATCAGCTTGTGTGTTAGTGGAACGGTCTGGAAAGTCCGACGGTACAGGGTGATAGTCCCGTACACCAAAATGCAC
11BQ;11;43;23;259275;259614;340;100.376470588235;402.375334821869;Tandem CNV;GGTGATGTTTGAGATATTTGCTCTTTAAAAATCTGGATCAAGCTGAAAATTGAAACGACACACAGTTAATGTGTGTTCGAGTCTCTCAAATTTTCGCAATCAGAAGTGAAACATCTTCGGGTTGTGAGGTTAAGCGACTAAGCGTACACGGTGGATGCCCTGGCAGTCAGAGGCGATGAAGGACGTGCTAATCTGCGAAAAGCGTCGGTAAGGTGATATGAACCGTTATAACCGGCGATGTCCGAATGGGGAAACCCAGTGCAATTCGTTGCACTATCGTTAACTGAATACATAGGTTAACGAGGCGAACCGGGGGAACTGAAACATCTAAGTACCCCGA
12BR;12;44;61;4758946;4759487;542;114.066420664207;520.153199154759;Tandem CNV;TGCTCTCGCGAGGTCGCTTCTCTTTGTATATGCCATTGTAGCACGTGTGTAGCCCTGGTCGTAAGGGCCATGATGACTTGACGTCATCCCCACCTTCCTCCAGTTTATCACTGGCAGTCTCCTTTGAGTTCCCGGCCGGACCGCTGGCAACAAAGGATAAGGGTTGCGCTCGTTGCGGGACTTAACCCAACATTTCACAACACGAGCTGACGACAGCCATGCAGCACCTGTCTCACAGTTCCCGAAGGCACCAAAGCATCTCTGCTAAGTTCTGTGGATGTCAAGACCAGGTAAGGTTCTTCGCGTTGCATCGAATTAAACCACATGCTCCACCGCTTGTGCGGGCCCCCGTCAATTCATTTGAGTTTTAACCTTGCGGCCGTACTCCCCAGGCGGTCGATTTAACGCGTTAGCTCCGGAAGCCACGCCTCAAGGGCACAACCTCCAAATCGACATCGTTTACGGCGTGGACTACCAGGGTATCTAATCCTGTTTGCTCCCCACGCTTTCGCACCTGAGCGTCAGTCTTTGTCCAGGGGGCC
12BS;12;23;61;4758947;4759522;576;203.578125;438.255339975881;Tandem CNV;GCTCTCGCGAGGTCGCTTCTCTTTGTATATGCCATTGTAGCACGTGTGTAGCCCTGGTCGTAAGGGCCATGATGACTTGACGTCATCCCCACCTTCCTCCAGTTTATCACTGGCAGTCTCCTTTGAGTTCCCGGCCGGACCGCTGGCAACAAAGGATAAGGGTTGCGCTCGTTGCGGGACTTAACCCAACATTTCACAACACGAGCTGACGACAGCCATGCAGCACCTGTCTCACAGTTCCCGAAGGCACCAAAGCATCTCTGCTAAGTTCTGTGGATGTCAAGACCAGGTAAGGTTCTTCGCGTTGCATCGAATTAAACCACATGCTCCACCGCTTGTGCGGGCCCCCGTCAATTCATTTGAGTTTTAACCTTGCGGCCGTACTCCCCAGGCGGTCGATTTAACGCGTTAGCTCCGGAAGCCACGCCTCAAGGGCACAACCTCCAAATCGACATCGTTTACGGCGTGGACTACCAGGGTATCTAATCCTGTTTGCTCCCCACGCTTTCGCACCTGAGCGTCAGTCTTTGTCCAGGGGGCCGCCTTCGCCACCGGTATTCCTCCAGATCTCTACGC
13BT;13;28;14;3597148;3597366;219;108.762557077626;463.924009692056;Tandem CNV;CCTTCCTCGTGATGAAGGCGTTGCCGACTCATACCAGGCCTGAATCGCCTCATCATCCAGCCAGAAAGTGAGGGAGCCACGGTTGATGAGAGCTTTGTTGTAAGTGGACCAGTTGGTGATTCTGAACTTTTGCTTTGCCACGGAATGGTCTGAGTTGTCGGGAGGATGCGTGATCTGATCCTTCAACTCAGCAAAAGTTCGATTTATTCAACAAAGCCT
14BU;14;46;44;1038196;1038778;583;80.6415094339623;405.572842684276;Tandem CNV;GTCGGTAAGGTGATATGAACCGTTATAACCGGCGATGTCCGAATGGGGAAACCCAGTGTGATTCGTCACACTATCGTTAACTGAATACATAGGTTAACGAGGCGAACCGGGGGAACTGAAACATCTAAGTACCCCGAGGAAAAGAAATCAACCGAGATTCCCCCAGTAGCGGCGAGCGAACGGGGAGCAGCCCAGAGTCTGAATCAGCTTGTGTGTTAGTGGAACGGTCTGGAAAGTCCGACGGTACAGGGTGATAGTCCCGTACACCAAAATGCACAGGTTGTGAACTCGAAGAGTAGGGCGGGACACGTGGTATCCTGTCTGAATATGGGGGGACCATCCTCCAAGGCTAAATACTCCTGACTGACCGATAGTGAACCAGTACCGTGAGGGAAAGGCGAAAAGAACCCCGGCGAGGGGAGTGAAAAAGAACCTGAAACCGTGTACGTACAAGCAGTGGGAGCACCTTCGGGTGTGACTGCGTACCTTTTGTATAATGGGTCAGCGACTTATATTCTGTAGCAAGGTTAACCGTATAGGGGAGCCGCAGGGAAACCGAGTCTTAACTGGGCGTTAAGTTGCA
14BV;14;32;14;1038215;1038763;549;106.570127504554;438.828215101638;Tandem CNV;CCGTTATAACCGGCGATGTCCGAATGGGGAAACCCAGTGTGATTCGTCACACTATCGTTAACTGAATACATAGGTTAACGAGGCGAACCGGGGGAACTGAAACATCTAAGTACCCCGAGGAAAAGAAATCAACCGAGATTCCCCCAGTAGCGGCGAGCGAACGGGGAGCAGCCCAGAGTCTGAATCAGCTTGTGTGTTAGTGGAACGGTCTGGAAAGTCCGACGGTACAGGGTGATAGTCCCGTACACCAAAATGCACAGGTTGTGAACTCGAAGAGTAGGGCGGGACACGTGGTATCCTGTCTGAATATGGGGGGACCATCCTCCAAGGCTAAATACTCCTGACTGACCGATAGTGAACCAGTACCGTGAGGGAAAGGCGAAAAGAACCCCGGCGAGGGGAGTGAAAAAGAACCTGAAACCGTGTACGTACAAGCAGTGGGAGCACCTTCGGGTGTGACTGCGTACCTTTTGTATAATGGGTCAGCGACTTATATTCTGTAGCAAGGTTAACCGTATAGGGGAGCCGCAGGGAAACCGAGTCTTAACT
14BW;14;45;44;1038237;1038711;475;92.0821052631579;424.055171180009;Tandem CNV;AATGGGGAAACCCAGTGTGATTCGTCACACTATCGTTAACTGAATACATAGGTTAACGAGGCGAACCGGGGGAACTGAAACATCTAAGTACCCCGAGGAAAAGAAATCAACCGAGATTCCCCCAGTAGCGGCGAGCGAACGGGGAGCAGCCCAGAGTCTGAATCAGCTTGTGTGTTAGTGGAACGGTCTGGAAAGTCCGACGGTACAGGGTGATAGTCCCGTACACCAAAATGCACAGGTTGTGAACTCGAAGAGTAGGGCGGGACACGTGGTATCCTGTCTGAATATGGGGGGACCATCCTCCAAGGCTAAATACTCCTGACTGACCGATAGTGAACCAGTACCGTGAGGGAAAGGCGAAAAGAACCCCGGCGAGGGGAGTGAAAAAGAACCTGAAACCGTGTACGTACAAGCAGTGGGAGCACCTTCGGGTGTGACTGCGTACCTTTTGTATAATGGGTCAGCGACTTATATT
14BX;14;36;61;1038250;1038738;489;77.8425357873211;425.620938657984;Tandem CNV;AGTGTGATTCGTCACACTATCGTTAACTGAATACATAGGTTAACGAGGCGAACCGGGGGAACTGAAACATCTAAGTACCCCGAGGAAAAGAAATCAACCGAGATTCCCCCAGTAGCGGCGAGCGAACGGGGAGCAGCCCAGAGTCTGAATCAGCTTGTGTGTTAGTGGAACGGTCTGGAAAGTCCGACGGTACAGGGTGATAGTCCCGTACACCAAAATGCACAGGTTGTGAACTCGAAGAGTAGGGCGGGACACGTGGTATCCTGTCTGAATATGGGGGGACCATCCTCCAAGGCTAAATACTCCTGACTGACCGATAGTGAACCAGTACCGTGAGGGAAAGGCGAAAAGAACCCCGGCGAGGGGAGTGAAAAAGAACCTGAAACCGTGTACGTACAAGCAGTGGGAGCACCTTCGGGTGTGACTGCGTACCTTTTGTATAATGGGTCAGCGACTTATATTCTGTAGCAAGGTTAACCGTATAGGGGA
15BY;15;28;14;123607;124314;708;96.9618644067797;413.588445614658;Tandem CNV;GAAGGTGACCTGTGAGGGTTGCTGGAGGTATCAGAAGTGCGAATGCTGACATAAGTAACGATAAAGCGGGTGAAAAGCCCGCTCGCCGGAAGACCAAGGGTTCCTGTCCAACGTTAATCGGGGCAGGGTGAGTCGACCCCTAAGGCGAGGCCGAAAGGCGTAGTCGATGGGAAACAGGTTAATATTCCTGTACTTGGTGTTACTGCGAAGGGGGGACGGAGAAGGCTATGTTAGCCGGGCGACGGTTGTCCCGGTTTAAGCATGTAGGCTGGTTGTCCAGGCAAATCCGGATAATCAAGGCTGAGGTGTGATGACGAGGCACTACGGTGCTGAAGTAACAAATGCCCTGCTTCCAGGAAAAGCCTCTAAGCATCAGGTAACATCAAATCGTACCCCAAACCGACACAGGTGGTCAGGTAGAGAATACCAAGGCGCTTGAGAGAACTCGGGTGAAGGAACTAGGCAAAATGGTGCCGTAACTTCGGGAGAAGGCACGCTGGTGTGTAGGTGAAGTCCCTGCGGATGGAGCTGAGACCAGTCGAAGATACCAGCTGGCTGCAACTGTTTATTAAAAACACAGCACTGTGCAAACACGAAAGTGGACGTATACGGTGTGACGCCTGCCCGGTGCCGGAAGGTTAATTGATGGGGTTATCCGTAAGGAGAAGCTCTTGATCGAAGCCCCGGTAAACGGCGGCCGTAACTATA
15BZ;15;37;29;123612;124280;669;112.923766816143;400.844025312432;Tandem CNV;TGACCTGTGAGGGTTGCTGGAGGTATCAGAAGTGCGAATGCTGACATAAGTAACGATAAAGCGGGTGAAAAGCCCGCTCGCCGGAAGACCAAGGGTTCCTGTCCAACGTTAATCGGGGCAGGGTGAGTCGACCCCTAAGGCGAGGCCGAAAGGCGTAGTCGATGGGAAACAGGTTAATATTCCTGTACTTGGTGTTACTGCGAAGGGGGGACGGAGAAGGCTATGTTAGCCGGGCGACGGTTGTCCCGGTTTAAGCATGTAGGCTGGTTGTCCAGGCAAATCCGGATAATCAAGGCTGAGGTGTGATGACGAGGCACTACGGTGCTGAAGTAACAAATGCCCTGCTTCCAGGAAAAGCCTCTAAGCATCAGGTAACATCAAATCGTACCCCAAACCGACACAGGTGGTCAGGTAGAGAATACCAAGGCGCTTGAGAGAACTCGGGTGAAGGAACTAGGCAAAATGGTGCCGTAACTTCGGGAGAAGGCACGCTGGTGTGTAGGTGAAGTCCCTGCGGATGGAGCTGAGACCAGTCGAAGATACCAGCTGGCTGCAACTGTTTATTAAAAACACAGCACTGTGCAAACACGAAAGTGGACGTATACGGTGTGACGCCTGCCCGGTGCCGGAAGGTTAATTGATGGGGTTATCCGTAAGGAGAAGCTCTTG
15CA;15;46;44;123613;124255;643;80.3841368584759;404.278430813743;Tandem CNV;GACCTGTGAGGGTTGCTGGAGGTATCAGAAGTGCGAATGCTGACATAAGTAACGATAAAGCGGGTGAAAAGCCCGCTCGCCGGAAGACCAAGGGTTCCTGTCCAACGTTAATCGGGGCAGGGTGAGTCGACCCCTAAGGCGAGGCCGAAAGGCGTAGTCGATGGGAAACAGGTTAATATTCCTGTACTTGGTGTTACTGCGAAGGGGGGACGGAGAAGGCTATGTTAGCCGGGCGACGGTTGTCCCGGTTTAAGCATGTAGGCTGGTTGTCCAGGCAAATCCGGATAATCAAGGCTGAGGTGTGATGACGAGGCACTACGGTGCTGAAGTAACAAATGCCCTGCTTCCAGGAAAAGCCTCTAAGCATCAGGTAACATCAAATCGTACCCCAAACCGACACAGGTGGTCAGGTAGAGAATACCAAGGCGCTTGAGAGAACTCGGGTGAAGGAACTAGGCAAAATGGTGCCGTAACTTCGGGAGAAGGCACGCTGGTGTGTAGGTGAAGTCCCTGCGGATGGAGCTGAGACCAGTCGAAGATACCAGCTGGCTGCAACTGTTTATTAAAAACACAGCACTGTGCAAACACGAAAGTGGACGTATACGGTGTGACGCCTGCCCGGTGCCGGAAGGTTAATTGATGG
15CB;15;9;29;123614;124371;758;226.299472295515;402.960872558612;Tandem CNV;ACCTGTGAGGGTTGCTGGAGGTATCAGAAGTGCGAATGCTGACATAAGTAACGATAAAGCGGGTGAAAAGCCCGCTCGCCGGAAGACCAAGGGTTCCTGTCCAACGTTAATCGGGGCAGGGTGAGTCGACCCCTAAGGCGAGGCCGAAAGGCGTAGTCGATGGGAAACAGGTTAATATTCCTGTACTTGGTGTTACTGCGAAGGGGGGACGGAGAAGGCTATGTTAGCCGGGCGACGGTTGTCCCGGTTTAAGCATGTAGGCTGGTTGTCCAGGCAAATCCGGATAATCAAGGCTGAGGTGTGATGACGAGGCACTACGGTGCTGAAGTAACAAATGCCCTGCTTCCAGGAAAAGCCTCTAAGCATCAGGTAACATCAAATCGTACCCCAAACCGACACAGGTGGTCAGGTAGAGAATACCAAGGCGCTTGAGAGAACTCGGGTGAAGGAACTAGGCAAAATGGTGCCGTAACTTCGGGAGAAGGCACGCTGGTGTGTAGGTGAAGTCCCTGCGGATGGAGCTGAGACCAGTCGAAGATACCAGCTGGCTGCAACTGTTTATTAAAAACACAGCACTGTGCAAACACGAAAGTGGACGTATACGGTGTGACGCCTGCCCGGTGCCGGAAGGTTAATTGATGGGGTTATCCGTAAGGAGAAGCTCTTGATCGAAGCCCCGGTAAACGGCGGCCGTAACTATAACGGTCCTAAGGTAGCGAAATTCCTTGTCGGGTAAGTTCCGACCTGCACGAATGGCG
15CC;15;39;29;123616;124168;553;100.777576853526;403.949413783665;Tandem CNV;CTGTGAGGGTTGCTGGAGGTATCAGAAGTGCGAATGCTGACATAAGTAACGATAAAGCGGGTGAAAAGCCCGCTCGCCGGAAGACCAAGGGTTCCTGTCCAACGTTAATCGGGGCAGGGTGAGTCGACCCCTAAGGCGAGGCCGAAAGGCGTAGTCGATGGGAAACAGGTTAATATTCCTGTACTTGGTGTTACTGCGAAGGGGGGACGGAGAAGGCTATGTTAGCCGGGCGACGGTTGTCCCGGTTTAAGCATGTAGGCTGGTTGTCCAGGCAAATCCGGATAATCAAGGCTGAGGTGTGATGACGAGGCACTACGGTGCTGAAGTAACAAATGCCCTGCTTCCAGGAAAAGCCTCTAAGCATCAGGTAACATCAAATCGTACCCCAAACCGACACAGGTGGTCAGGTAGAGAATACCAAGGCGCTTGAGAGAACTCGGGTGAAGGAACTAGGCAAAATGGTGCCGTAACTTCGGGAGAAGGCACGCTGGTGTGTAGGTGAAGTCCCTGCGGATGGAGCTGAGACCAGTCGAAGATACCAGCTGGCTGCAAC
15CD;15;47;95;123632;124277;646;96.9953560371517;416.724174801699;Tandem CNV;AGGTATCAGAAGTGCGAATGCTGACATAAGTAACGATAAAGCGGGTGAAAAGCCCGCTCGCCGGAAGACCAAGGGTTCCTGTCCAACGTTAATCGGGGCAGGGTGAGTCGACCCCTAAGGCGAGGCCGAAAGGCGTAGTCGATGGGAAACAGGTTAATATTCCTGTACTTGGTGTTACTGCGAAGGGGGGACGGAGAAGGCTATGTTAGCCGGGCGACGGTTGTCCCGGTTTAAGCATGTAGGCTGGTTGTCCAGGCAAATCCGGATAATCAAGGCTGAGGTGTGATGACGAGGCACTACGGTGCTGAAGTAACAAATGCCCTGCTTCCAGGAAAAGCCTCTAAGCATCAGGTAACATCAAATCGTACCCCAAACCGACACAGGTGGTCAGGTAGAGAATACCAAGGCGCTTGAGAGAACTCGGGTGAAGGAACTAGGCAAAATGGTGCCGTAACTTCGGGAGAAGGCACGCTGGTGTGTAGGTGAAGTCCCTGCGGATGGAGCTGAGACCAGTCGAAGATACCAGCTGGCTGCAACTGTTTATTAAAAACACAGCACTGTGCAAACACGAAAGTGGACGTATACGGTGTGACGCCTGCCCGGTGCCGGAAGGTTAATTGATGGGGTTATCCGTAAGGAGAAGCTC
15CE;15;40;29;123645;124278;634;118.632492113565;479.625000345971;Tandem CNV;GCGAATGCTGACATAAGTAACGATAAAGCGGGTGAAAAGCCCGCTCGCCGGAAGACCAAGGGTTCCTGTCCAACGTTAATCGGGGCAGGGTGAGTCGACCCCTAAGGCGAGGCCGAAAGGCGTAGTCGATGGGAAACAGGTTAATATTCCTGTACTTGGTGTTACTGCGAAGGGGGGACGGAGAAGGCTATGTTAGCCGGGCGACGGTTGTCCCGGTTTAAGCATGTAGGCTGGTTGTCCAGGCAAATCCGGATAATCAAGGCTGAGGTGTGATGACGAGGCACTACGGTGCTGAAGTAACAAATGCCCTGCTTCCAGGAAAAGCCTCTAAGCATCAGGTAACATCAAATCGTACCCCAAACCGACACAGGTGGTCAGGTAGAGAATACCAAGGCGCTTGAGAGAACTCGGGTGAAGGAACTAGGCAAAATGGTGCCGTAACTTCGGGAGAAGGCACGCTGGTGTGTAGGTGAAGTCCCTGCGGATGGAGCTGAGACCAGTCGAAGATACCAGCTGGCTGCAACTGTTTATTAAAAACACAGCACTGTGCAAACACGAAAGTGGACGTATACGGTGTGACGCCTGCCCGGTGCCGGAAGGTTAATTGATGGGGTTATCCGTAAGGAGAAGCTCT
15CF;15;32;14;123703;124166;464;102.288793103448;421.198787629948;Tandem CNV;AGGGTTCCTGTCCAACGTTAATCGGGGCAGGGTGAGTCGACCCCTAAGGCGAGGCCGAAAGGCGTAGTCGATGGGAAACAGGTTAATATTCCTGTACTTGGTGTTACTGCGAAGGGGGGACGGAGAAGGCTATGTTAGCCGGGCGACGGTTGTCCCGGTTTAAGCATGTAGGCTGGTTGTCCAGGCAAATCCGGATAATCAAGGCTGAGGTGTGATGACGAGGCACTACGGTGCTGAAGTAACAAATGCCCTGCTTCCAGGAAAAGCCTCTAAGCATCAGGTAACATCAAATCGTACCCCAAACCGACACAGGTGGTCAGGTAGAGAATACCAAGGCGCTTGAGAGAACTCGGGTGAAGGAACTAGGCAAAATGGTGCCGTAACTTCGGGAGAAGGCACGCTGGTGTGTAGGTGAAGTCCCTGCGGATGGAGCTGAGACCAGTCGAAGATACCAGCTGGCTGCA
15CG;15;48;29;123711;124316;606;108.833333333333;493.067624126784;Tandem CNV;TGTCCAACGTTAATCGGGGCAGGGTGAGTCGACCCCTAAGGCGAGGCCGAAAGGCGTAGTCGATGGGAAACAGGTTAATATTCCTGTACTTGGTGTTACTGCGAAGGGGGGACGGAGAAGGCTATGTTAGCCGGGCGACGGTTGTCCCGGTTTAAGCATGTAGGCTGGTTGTCCAGGCAAATCCGGATAATCAAGGCTGAGGTGTGATGACGAGGCACTACGGTGCTGAAGTAACAAATGCCCTGCTTCCAGGAAAAGCCTCTAAGCATCAGGTAACATCAAATCGTACCCCAAACCGACACAGGTGGTCAGGTAGAGAATACCAAGGCGCTTGAGAGAACTCGGGTGAAGGAACTAGGCAAAATGGTGCCGTAACTTCGGGAGAAGGCACGCTGGTGTGTAGGTGAAGTCCCTGCGGATGGAGCTGAGACCAGTCGAAGATACCAGCTGGCTGCAACTGTTTATTAAAAACACAGCACTGTGCAAACACGAAAGTGGACGTATACGGTGTGACGCCTGCCCGGTGCCGGAAGGTTAATTGATGGGGTTATCCGTAAGGAGAAGCTCTTGATCGAAGCCCCGGTAAACGGCGGCCGTAACTATAAC
16CH;16;38;29;3201049;3201439;391;106.838874680307;418.324949171072;Tandem CNV;AATCCAAAGCGTTCGCGCATCCATCGCTGCGTCATTACTGGTTCAAGACTAAAAGGCAGCGGATTAGGAAATAACCAAGCCGTTTTATTTTCATCTTCTAACCGCAAAGTCACTTCCTCAAGATTTTTTCTGGTTATTTATAAAAGATGAAAATATTCTTTCTCGCCTCATATCCAGCCTGAAAATGTCATCACTAACAGTAATCGTTGGTTTTGTTTTGTAGGGAATTAAACCTTGTTCATAAATATCCTGATAAGGTTTACCTAATTGCTTCACAAGTGTTCGATATCAATATTCATTTGCCACCAAGTCGCTTTTTCTCCAGCGCAATATGAATCTCCTTTGCTCGCTCCAGTGGATAAAAAGTCACGGTTTCTGAAAATAAATCCTT
16CI;16;9;29;3201057;3201450;394;261.121827411167;464.967409558511;Tandem CNV;GCGTTCGCGCATCCATCGCTGCGTCATTACTGGTTCAAGACTAAAAGGCAGCGGATTAGGAAATAACCAAGCCGTTTTATTTTCATCTTCTAACCGCAAAGTCACTTCCTCAAGATTTTTTCTGGTTATTTATAAAAGATGAAAATATTCTTTCTCGCCTCATATCCAGCCTGAAAATGTCATCACTAACAGTAATCGTTGGTTTTGTTTTGTAGGGAATTAAACCTTGTTCATAAATATCCTGATAAGGTTTACCTAATTGCTTCACAAGTGTTCGATATCAATATTCATTTGCCACCAAGTCGCTTTTTCTCCAGCGCAATATGAATCTCCTTTGCTCGCTCCAGTGGATAAAAAGTCACGGTTTCTGAAAATAAATCCTTGTTATAGGTAA
16CJ;16;40;29;3201229;3201391;163;134.233128834356;542.697563851119;Tandem CNV;GAAAATGTCATCACTAACAGTAATCGTTGGTTTTGTTTTGTAGGGAATTAAACCTTGTTCATAAATATCCTGATAAGGTTTACCTAATTGCTTCACAAGTGTTCGATATCAATATTCATTTGCCACCAAGTCGCTTTTTCTCCAGCGCAATATGAATCTCCTT
16CK;16;42;29;3201233;3201391;159;100.327044025157;400.137986034819;Tandem CNV;ATGTCATCACTAACAGTAATCGTTGGTTTTGTTTTGTAGGGAATTAAACCTTGTTCATAAATATCCTGATAAGGTTTACCTAATTGCTTCACAAGTGTTCGATATCAATATTCATTTGCCACCAAGTCGCTTTTTCTCCAGCGCAATATGAATCTCCTT
